from	to	type	numberOfMonths
1	49	FRIENDS_WITH	33
1	60	FRIENDS_WITH	92
1	9	FRIENDS_WITH	89
1	9	FRIENDS_WITH	28
1	53	FRIENDS_WITH	19
1	49	FRIENDS_WITH	22
1	82	FRIENDS_WITH	84
1	90	FRIENDS_WITH	16
1	19	FRIENDS_WITH	66
1	66	FRIENDS_WITH	82
1	5	FRIENDS_WITH	10
1	6	FRIENDS_WITH	53
1	45	FRIENDS_WITH	47
1	12	FRIENDS_WITH	78
1	58	FRIENDS_WITH	73
1	30	FRIENDS_WITH	21
1	62	FRIENDS_WITH	32
1	98	FRIENDS_WITH	48
1	81	FRIENDS_WITH	58
1	61	FRIENDS_WITH	31
1	74	FRIENDS_WITH	50
1	74	FRIENDS_WITH	62
1	27	FRIENDS_WITH	83
1	33	FRIENDS_WITH	14
1	74	FRIENDS_WITH	7
2	31	FRIENDS_WITH	96
2	78	FRIENDS_WITH	1
2	79	FRIENDS_WITH	1
2	96	FRIENDS_WITH	27
2	1	FRIENDS_WITH	89
2	89	FRIENDS_WITH	78
2	79	FRIENDS_WITH	44
3	67	FRIENDS_WITH	78
3	89	FRIENDS_WITH	52
3	91	FRIENDS_WITH	63
3	61	FRIENDS_WITH	82
3	94	FRIENDS_WITH	37
3	43	FRIENDS_WITH	53
3	33	FRIENDS_WITH	13
3	44	FRIENDS_WITH	52
3	29	FRIENDS_WITH	31
3	40	FRIENDS_WITH	13
3	16	FRIENDS_WITH	98
3	15	FRIENDS_WITH	72
3	18	FRIENDS_WITH	30
3	37	FRIENDS_WITH	84
3	85	FRIENDS_WITH	38
3	67	FRIENDS_WITH	88
3	58	FRIENDS_WITH	82
3	48	FRIENDS_WITH	86
3	23	FRIENDS_WITH	9
3	77	FRIENDS_WITH	11
3	27	FRIENDS_WITH	63
3	94	FRIENDS_WITH	60
3	51	FRIENDS_WITH	96
3	31	FRIENDS_WITH	57
3	61	FRIENDS_WITH	46
3	51	FRIENDS_WITH	77
3	31	FRIENDS_WITH	8
3	38	FRIENDS_WITH	18
3	28	FRIENDS_WITH	16
3	26	FRIENDS_WITH	92
3	47	FRIENDS_WITH	87
3	16	FRIENDS_WITH	97
3	26	FRIENDS_WITH	29
3	67	FRIENDS_WITH	5
3	50	FRIENDS_WITH	46
3	47	FRIENDS_WITH	79
3	29	FRIENDS_WITH	71
3	18	FRIENDS_WITH	90
3	52	FRIENDS_WITH	18
3	52	FRIENDS_WITH	20
3	38	FRIENDS_WITH	68
4	86	FRIENDS_WITH	89
4	56	FRIENDS_WITH	23
4	55	FRIENDS_WITH	67
4	75	FRIENDS_WITH	18
4	3	FRIENDS_WITH	41
4	70	FRIENDS_WITH	50
4	8	FRIENDS_WITH	17
4	83	FRIENDS_WITH	66
4	15	FRIENDS_WITH	75
4	43	FRIENDS_WITH	90
4	27	FRIENDS_WITH	54
4	29	FRIENDS_WITH	87
4	40	FRIENDS_WITH	53
4	59	FRIENDS_WITH	7
5	84	FRIENDS_WITH	76
5	12	FRIENDS_WITH	19
5	86	FRIENDS_WITH	3
5	34	FRIENDS_WITH	94
5	28	FRIENDS_WITH	80
5	97	FRIENDS_WITH	91
5	1	FRIENDS_WITH	62
5	3	FRIENDS_WITH	94
5	95	FRIENDS_WITH	80
5	98	FRIENDS_WITH	99
5	59	FRIENDS_WITH	19
5	11	FRIENDS_WITH	69
5	24	FRIENDS_WITH	71
5	98	FRIENDS_WITH	95
5	91	FRIENDS_WITH	69
5	45	FRIENDS_WITH	40
5	19	FRIENDS_WITH	23
5	87	FRIENDS_WITH	4
5	87	FRIENDS_WITH	9
5	15	FRIENDS_WITH	74
5	3	FRIENDS_WITH	26
5	31	FRIENDS_WITH	85
5	51	FRIENDS_WITH	66
5	12	FRIENDS_WITH	43
5	69	FRIENDS_WITH	70
5	49	FRIENDS_WITH	98
5	22	FRIENDS_WITH	27
6	57	FRIENDS_WITH	3
6	46	FRIENDS_WITH	10
6	61	FRIENDS_WITH	17
6	39	FRIENDS_WITH	54
6	28	FRIENDS_WITH	77
6	78	FRIENDS_WITH	62
6	39	FRIENDS_WITH	97
6	14	FRIENDS_WITH	12
6	99	FRIENDS_WITH	2
6	58	FRIENDS_WITH	70
6	60	FRIENDS_WITH	67
6	84	FRIENDS_WITH	7
6	66	FRIENDS_WITH	68
6	22	FRIENDS_WITH	29
6	75	FRIENDS_WITH	66
6	16	FRIENDS_WITH	24
6	51	FRIENDS_WITH	2
6	1	FRIENDS_WITH	1
6	18	FRIENDS_WITH	17
6	47	FRIENDS_WITH	8
6	23	FRIENDS_WITH	58
7	67	FRIENDS_WITH	84
7	47	FRIENDS_WITH	45
7	87	FRIENDS_WITH	2
7	94	FRIENDS_WITH	0
7	18	FRIENDS_WITH	59
7	94	FRIENDS_WITH	94
7	94	FRIENDS_WITH	98
7	52	FRIENDS_WITH	77
7	48	FRIENDS_WITH	75
7	62	FRIENDS_WITH	69
7	11	FRIENDS_WITH	97
7	15	FRIENDS_WITH	8
7	13	FRIENDS_WITH	76
7	31	FRIENDS_WITH	55
7	33	FRIENDS_WITH	63
7	80	FRIENDS_WITH	60
7	1	FRIENDS_WITH	61
7	59	FRIENDS_WITH	61
7	63	FRIENDS_WITH	18
7	98	FRIENDS_WITH	77
7	36	FRIENDS_WITH	93
7	62	FRIENDS_WITH	14
7	88	FRIENDS_WITH	89
7	71	FRIENDS_WITH	93
8	64	FRIENDS_WITH	71
8	84	FRIENDS_WITH	63
8	10	FRIENDS_WITH	50
8	59	FRIENDS_WITH	41
8	19	FRIENDS_WITH	47
8	90	FRIENDS_WITH	41
8	58	FRIENDS_WITH	29
8	66	FRIENDS_WITH	87
8	44	FRIENDS_WITH	37
8	48	FRIENDS_WITH	84
8	96	FRIENDS_WITH	0
8	91	FRIENDS_WITH	80
8	15	FRIENDS_WITH	17
8	78	FRIENDS_WITH	14
8	55	FRIENDS_WITH	29
8	65	FRIENDS_WITH	87
8	56	FRIENDS_WITH	13
8	72	FRIENDS_WITH	26
8	92	FRIENDS_WITH	22
8	50	FRIENDS_WITH	76
8	30	FRIENDS_WITH	39
8	65	FRIENDS_WITH	20
8	68	FRIENDS_WITH	95
8	32	FRIENDS_WITH	48
8	48	FRIENDS_WITH	16
8	54	FRIENDS_WITH	38
8	66	FRIENDS_WITH	44
8	39	FRIENDS_WITH	42
8	97	FRIENDS_WITH	66
8	90	FRIENDS_WITH	71
8	87	FRIENDS_WITH	72
8	72	FRIENDS_WITH	36
9	28	FRIENDS_WITH	62
9	77	FRIENDS_WITH	31
9	31	FRIENDS_WITH	77
9	24	FRIENDS_WITH	14
9	30	FRIENDS_WITH	28
9	85	FRIENDS_WITH	93
9	88	FRIENDS_WITH	38
9	93	FRIENDS_WITH	42
9	8	FRIENDS_WITH	41
9	50	FRIENDS_WITH	97
9	6	FRIENDS_WITH	94
9	35	FRIENDS_WITH	53
9	49	FRIENDS_WITH	81
9	31	FRIENDS_WITH	85
9	39	FRIENDS_WITH	20
9	83	FRIENDS_WITH	88
9	94	FRIENDS_WITH	27
9	17	FRIENDS_WITH	83
9	11	FRIENDS_WITH	9
9	66	FRIENDS_WITH	25
9	17	FRIENDS_WITH	22
9	35	FRIENDS_WITH	32
9	77	FRIENDS_WITH	75
9	69	FRIENDS_WITH	49
9	31	FRIENDS_WITH	32
9	54	FRIENDS_WITH	19
9	30	FRIENDS_WITH	31
9	65	FRIENDS_WITH	12
9	18	FRIENDS_WITH	62
9	77	FRIENDS_WITH	95
9	9	FRIENDS_WITH	7
9	94	FRIENDS_WITH	61
9	48	FRIENDS_WITH	78
9	95	FRIENDS_WITH	26
9	40	FRIENDS_WITH	98
9	84	FRIENDS_WITH	30
9	48	FRIENDS_WITH	92
9	48	FRIENDS_WITH	97
9	46	FRIENDS_WITH	58
10	58	FRIENDS_WITH	9
10	41	FRIENDS_WITH	15
11	76	FRIENDS_WITH	42
11	34	FRIENDS_WITH	45
11	84	FRIENDS_WITH	90
11	5	FRIENDS_WITH	60
11	22	FRIENDS_WITH	37
11	59	FRIENDS_WITH	68
11	37	FRIENDS_WITH	7
11	78	FRIENDS_WITH	84
11	30	FRIENDS_WITH	18
11	42	FRIENDS_WITH	33
11	44	FRIENDS_WITH	59
12	61	FRIENDS_WITH	13
12	1	FRIENDS_WITH	1
12	14	FRIENDS_WITH	84
12	74	FRIENDS_WITH	97
12	18	FRIENDS_WITH	31
12	53	FRIENDS_WITH	68
12	34	FRIENDS_WITH	96
12	74	FRIENDS_WITH	33
12	33	FRIENDS_WITH	14
12	84	FRIENDS_WITH	25
12	17	FRIENDS_WITH	85
12	14	FRIENDS_WITH	70
12	35	FRIENDS_WITH	63
12	82	FRIENDS_WITH	15
12	58	FRIENDS_WITH	45
12	82	FRIENDS_WITH	47
12	50	FRIENDS_WITH	53
13	78	FRIENDS_WITH	74
13	58	FRIENDS_WITH	34
13	3	FRIENDS_WITH	11
13	97	FRIENDS_WITH	69
13	63	FRIENDS_WITH	99
13	78	FRIENDS_WITH	92
13	83	FRIENDS_WITH	3
13	90	FRIENDS_WITH	39
13	6	FRIENDS_WITH	26
13	51	FRIENDS_WITH	55
13	30	FRIENDS_WITH	54
13	37	FRIENDS_WITH	79
13	71	FRIENDS_WITH	43
13	1	FRIENDS_WITH	44
13	40	FRIENDS_WITH	6
13	6	FRIENDS_WITH	24
13	52	FRIENDS_WITH	37
13	78	FRIENDS_WITH	20
13	50	FRIENDS_WITH	45
13	74	FRIENDS_WITH	48
14	9	FRIENDS_WITH	73
14	97	FRIENDS_WITH	11
14	4	FRIENDS_WITH	62
14	76	FRIENDS_WITH	50
14	23	FRIENDS_WITH	68
14	45	FRIENDS_WITH	23
14	51	FRIENDS_WITH	38
14	34	FRIENDS_WITH	83
14	83	FRIENDS_WITH	63
14	74	FRIENDS_WITH	60
14	47	FRIENDS_WITH	80
14	49	FRIENDS_WITH	28
14	23	FRIENDS_WITH	32
14	93	FRIENDS_WITH	13
14	88	FRIENDS_WITH	59
14	59	FRIENDS_WITH	2
14	86	FRIENDS_WITH	47
14	35	FRIENDS_WITH	81
14	46	FRIENDS_WITH	16
14	28	FRIENDS_WITH	94
14	88	FRIENDS_WITH	53
14	62	FRIENDS_WITH	23
14	47	FRIENDS_WITH	55
14	57	FRIENDS_WITH	58
14	65	FRIENDS_WITH	89
14	14	FRIENDS_WITH	86
14	52	FRIENDS_WITH	33
14	15	FRIENDS_WITH	23
14	84	FRIENDS_WITH	6
14	74	FRIENDS_WITH	7
14	75	FRIENDS_WITH	91
14	60	FRIENDS_WITH	50
14	12	FRIENDS_WITH	47
14	16	FRIENDS_WITH	16
14	29	FRIENDS_WITH	95
14	28	FRIENDS_WITH	75
14	55	FRIENDS_WITH	1
14	46	FRIENDS_WITH	46
14	28	FRIENDS_WITH	74
14	76	FRIENDS_WITH	34
14	50	FRIENDS_WITH	49
14	67	FRIENDS_WITH	37
14	46	FRIENDS_WITH	84
15	35	FRIENDS_WITH	23
15	84	FRIENDS_WITH	92
15	42	FRIENDS_WITH	33
15	6	FRIENDS_WITH	76
15	40	FRIENDS_WITH	51
15	13	FRIENDS_WITH	23
15	27	FRIENDS_WITH	4
15	58	FRIENDS_WITH	86
15	23	FRIENDS_WITH	27
15	73	FRIENDS_WITH	96
15	36	FRIENDS_WITH	56
15	97	FRIENDS_WITH	41
15	65	FRIENDS_WITH	94
15	78	FRIENDS_WITH	72
15	23	FRIENDS_WITH	7
15	4	FRIENDS_WITH	11
15	9	FRIENDS_WITH	42
15	86	FRIENDS_WITH	9
15	22	FRIENDS_WITH	60
15	25	FRIENDS_WITH	55
15	42	FRIENDS_WITH	55
15	85	FRIENDS_WITH	42
16	30	FRIENDS_WITH	25
16	18	FRIENDS_WITH	24
16	61	FRIENDS_WITH	61
16	77	FRIENDS_WITH	7
16	92	FRIENDS_WITH	36
16	90	FRIENDS_WITH	50
16	14	FRIENDS_WITH	70
16	54	FRIENDS_WITH	73
16	71	FRIENDS_WITH	13
17	95	FRIENDS_WITH	55
17	56	FRIENDS_WITH	20
17	26	FRIENDS_WITH	30
17	40	FRIENDS_WITH	0
17	75	FRIENDS_WITH	44
17	73	FRIENDS_WITH	40
17	82	FRIENDS_WITH	88
17	68	FRIENDS_WITH	76
17	85	FRIENDS_WITH	97
17	53	FRIENDS_WITH	29
17	31	FRIENDS_WITH	5
17	64	FRIENDS_WITH	81
17	7	FRIENDS_WITH	27
17	14	FRIENDS_WITH	20
17	20	FRIENDS_WITH	23
17	63	FRIENDS_WITH	5
17	7	FRIENDS_WITH	22
17	77	FRIENDS_WITH	36
17	70	FRIENDS_WITH	66
17	95	FRIENDS_WITH	57
17	69	FRIENDS_WITH	32
17	77	FRIENDS_WITH	41
17	25	FRIENDS_WITH	84
17	3	FRIENDS_WITH	98
17	28	FRIENDS_WITH	70
17	50	FRIENDS_WITH	48
17	61	FRIENDS_WITH	32
17	36	FRIENDS_WITH	40
17	87	FRIENDS_WITH	14
17	36	FRIENDS_WITH	7
17	16	FRIENDS_WITH	9
17	65	FRIENDS_WITH	21
17	57	FRIENDS_WITH	94
17	68	FRIENDS_WITH	20
17	8	FRIENDS_WITH	8
17	78	FRIENDS_WITH	16
17	16	FRIENDS_WITH	94
17	35	FRIENDS_WITH	32
17	85	FRIENDS_WITH	63
17	60	FRIENDS_WITH	60
17	52	FRIENDS_WITH	78
17	55	FRIENDS_WITH	70
17	49	FRIENDS_WITH	22
17	64	FRIENDS_WITH	76
17	83	FRIENDS_WITH	80
17	9	FRIENDS_WITH	62
18	27	FRIENDS_WITH	80
18	70	FRIENDS_WITH	77
18	49	FRIENDS_WITH	36
18	62	FRIENDS_WITH	44
18	10	FRIENDS_WITH	37
19	87	FRIENDS_WITH	59
19	57	FRIENDS_WITH	44
19	62	FRIENDS_WITH	15
19	68	FRIENDS_WITH	85
19	40	FRIENDS_WITH	58
19	36	FRIENDS_WITH	66
19	80	FRIENDS_WITH	10
19	94	FRIENDS_WITH	30
19	64	FRIENDS_WITH	41
19	51	FRIENDS_WITH	32
19	2	FRIENDS_WITH	82
19	53	FRIENDS_WITH	46
19	10	FRIENDS_WITH	19
19	9	FRIENDS_WITH	64
19	31	FRIENDS_WITH	96
19	48	FRIENDS_WITH	25
19	2	FRIENDS_WITH	34
19	19	FRIENDS_WITH	15
19	35	FRIENDS_WITH	31
19	9	FRIENDS_WITH	87
19	24	FRIENDS_WITH	46
19	22	FRIENDS_WITH	53
19	34	FRIENDS_WITH	6
19	34	FRIENDS_WITH	92
19	55	FRIENDS_WITH	85
19	73	FRIENDS_WITH	15
19	30	FRIENDS_WITH	99
19	86	FRIENDS_WITH	12
19	84	FRIENDS_WITH	26
19	67	FRIENDS_WITH	2
19	95	FRIENDS_WITH	51
19	74	FRIENDS_WITH	18
19	32	FRIENDS_WITH	48
19	30	FRIENDS_WITH	50
19	61	FRIENDS_WITH	37
19	26	FRIENDS_WITH	8
19	33	FRIENDS_WITH	95
19	67	FRIENDS_WITH	34
19	35	FRIENDS_WITH	27
19	62	FRIENDS_WITH	43
19	68	FRIENDS_WITH	80
19	16	FRIENDS_WITH	51
19	13	FRIENDS_WITH	78
19	48	FRIENDS_WITH	2
19	2	FRIENDS_WITH	87
19	73	FRIENDS_WITH	28
19	88	FRIENDS_WITH	82
19	19	FRIENDS_WITH	29
19	93	FRIENDS_WITH	1
20	20	FRIENDS_WITH	23
20	79	FRIENDS_WITH	67
20	36	FRIENDS_WITH	48
20	68	FRIENDS_WITH	10
20	30	FRIENDS_WITH	2
20	83	FRIENDS_WITH	38
20	48	FRIENDS_WITH	92
20	8	FRIENDS_WITH	62
20	59	FRIENDS_WITH	30
20	52	FRIENDS_WITH	53
20	86	FRIENDS_WITH	6
20	48	FRIENDS_WITH	56
20	4	FRIENDS_WITH	97
20	88	FRIENDS_WITH	46
20	39	FRIENDS_WITH	99
20	96	FRIENDS_WITH	39
20	48	FRIENDS_WITH	69
20	29	FRIENDS_WITH	39
20	80	FRIENDS_WITH	60
20	2	FRIENDS_WITH	57
20	47	FRIENDS_WITH	12
20	79	FRIENDS_WITH	57
20	17	FRIENDS_WITH	64
20	67	FRIENDS_WITH	10
20	60	FRIENDS_WITH	36
20	38	FRIENDS_WITH	76
20	35	FRIENDS_WITH	52
20	88	FRIENDS_WITH	0
20	58	FRIENDS_WITH	97
20	88	FRIENDS_WITH	18
20	46	FRIENDS_WITH	4
20	27	FRIENDS_WITH	30
20	24	FRIENDS_WITH	90
20	41	FRIENDS_WITH	84
20	28	FRIENDS_WITH	42
20	87	FRIENDS_WITH	22
20	84	FRIENDS_WITH	67
20	50	FRIENDS_WITH	83
20	7	FRIENDS_WITH	5
20	63	FRIENDS_WITH	31
20	83	FRIENDS_WITH	6
20	2	FRIENDS_WITH	28
21	63	FRIENDS_WITH	15
21	37	FRIENDS_WITH	41
21	97	FRIENDS_WITH	74
21	55	FRIENDS_WITH	97
21	29	FRIENDS_WITH	56
21	22	FRIENDS_WITH	56
21	37	FRIENDS_WITH	46
21	49	FRIENDS_WITH	15
21	61	FRIENDS_WITH	34
21	10	FRIENDS_WITH	77
21	24	FRIENDS_WITH	68
21	21	FRIENDS_WITH	66
21	13	FRIENDS_WITH	11
21	43	FRIENDS_WITH	54
21	55	FRIENDS_WITH	28
21	43	FRIENDS_WITH	69
21	87	FRIENDS_WITH	79
21	89	FRIENDS_WITH	47
21	31	FRIENDS_WITH	39
21	14	FRIENDS_WITH	11
21	2	FRIENDS_WITH	12
21	6	FRIENDS_WITH	6
21	8	FRIENDS_WITH	82
21	69	FRIENDS_WITH	49
22	46	FRIENDS_WITH	25
22	59	FRIENDS_WITH	6
22	44	FRIENDS_WITH	84
22	69	FRIENDS_WITH	68
22	38	FRIENDS_WITH	48
22	12	FRIENDS_WITH	31
22	87	FRIENDS_WITH	42
22	92	FRIENDS_WITH	45
22	63	FRIENDS_WITH	62
22	64	FRIENDS_WITH	12
22	8	FRIENDS_WITH	49
22	39	FRIENDS_WITH	6
22	11	FRIENDS_WITH	35
22	81	FRIENDS_WITH	75
22	37	FRIENDS_WITH	20
22	49	FRIENDS_WITH	24
22	76	FRIENDS_WITH	87
22	28	FRIENDS_WITH	65
22	87	FRIENDS_WITH	22
22	5	FRIENDS_WITH	8
22	72	FRIENDS_WITH	13
22	27	FRIENDS_WITH	99
22	18	FRIENDS_WITH	56
22	4	FRIENDS_WITH	67
22	41	FRIENDS_WITH	20
22	35	FRIENDS_WITH	73
22	84	FRIENDS_WITH	54
22	29	FRIENDS_WITH	15
22	37	FRIENDS_WITH	40
22	58	FRIENDS_WITH	89
22	27	FRIENDS_WITH	12
23	4	FRIENDS_WITH	36
23	4	FRIENDS_WITH	9
23	48	FRIENDS_WITH	0
23	93	FRIENDS_WITH	50
23	31	FRIENDS_WITH	6
23	73	FRIENDS_WITH	3
23	9	FRIENDS_WITH	50
23	28	FRIENDS_WITH	35
23	94	FRIENDS_WITH	79
23	35	FRIENDS_WITH	8
23	24	FRIENDS_WITH	50
23	89	FRIENDS_WITH	81
23	72	FRIENDS_WITH	66
23	1	FRIENDS_WITH	36
23	26	FRIENDS_WITH	14
23	54	FRIENDS_WITH	83
23	22	FRIENDS_WITH	66
23	41	FRIENDS_WITH	27
23	20	FRIENDS_WITH	29
23	61	FRIENDS_WITH	29
23	5	FRIENDS_WITH	34
24	47	FRIENDS_WITH	52
24	53	FRIENDS_WITH	10
24	18	FRIENDS_WITH	23
24	17	FRIENDS_WITH	56
24	43	FRIENDS_WITH	51
24	74	FRIENDS_WITH	41
24	77	FRIENDS_WITH	93
24	10	FRIENDS_WITH	3
24	30	FRIENDS_WITH	68
24	34	FRIENDS_WITH	0
24	60	FRIENDS_WITH	13
24	56	FRIENDS_WITH	18
24	26	FRIENDS_WITH	78
24	59	FRIENDS_WITH	2
24	72	FRIENDS_WITH	99
24	44	FRIENDS_WITH	82
24	97	FRIENDS_WITH	29
24	4	FRIENDS_WITH	59
24	20	FRIENDS_WITH	71
24	52	FRIENDS_WITH	4
24	69	FRIENDS_WITH	76
24	6	FRIENDS_WITH	67
24	44	FRIENDS_WITH	61
24	94	FRIENDS_WITH	48
24	30	FRIENDS_WITH	97
24	47	FRIENDS_WITH	93
24	64	FRIENDS_WITH	37
24	73	FRIENDS_WITH	84
24	83	FRIENDS_WITH	37
24	18	FRIENDS_WITH	11
24	97	FRIENDS_WITH	78
24	15	FRIENDS_WITH	12
24	11	FRIENDS_WITH	43
25	40	FRIENDS_WITH	8
25	16	FRIENDS_WITH	83
25	26	FRIENDS_WITH	55
25	97	FRIENDS_WITH	87
25	42	FRIENDS_WITH	61
25	61	FRIENDS_WITH	93
25	54	FRIENDS_WITH	52
26	53	FRIENDS_WITH	58
26	54	FRIENDS_WITH	84
26	94	FRIENDS_WITH	25
26	61	FRIENDS_WITH	10
26	71	FRIENDS_WITH	60
26	91	FRIENDS_WITH	13
26	62	FRIENDS_WITH	1
26	85	FRIENDS_WITH	60
26	48	FRIENDS_WITH	13
26	11	FRIENDS_WITH	80
26	41	FRIENDS_WITH	39
26	57	FRIENDS_WITH	95
26	92	FRIENDS_WITH	95
26	78	FRIENDS_WITH	81
26	22	FRIENDS_WITH	37
26	70	FRIENDS_WITH	82
26	74	FRIENDS_WITH	5
26	23	FRIENDS_WITH	49
26	71	FRIENDS_WITH	19
26	31	FRIENDS_WITH	89
26	9	FRIENDS_WITH	76
26	67	FRIENDS_WITH	20
26	73	FRIENDS_WITH	77
26	70	FRIENDS_WITH	10
26	63	FRIENDS_WITH	95
26	22	FRIENDS_WITH	59
26	57	FRIENDS_WITH	79
26	97	FRIENDS_WITH	26
26	93	FRIENDS_WITH	4
26	4	FRIENDS_WITH	36
26	11	FRIENDS_WITH	12
26	72	FRIENDS_WITH	84
26	75	FRIENDS_WITH	18
26	63	FRIENDS_WITH	24
26	33	FRIENDS_WITH	58
26	47	FRIENDS_WITH	14
26	33	FRIENDS_WITH	74
26	86	FRIENDS_WITH	69
26	2	FRIENDS_WITH	48
26	80	FRIENDS_WITH	72
27	75	FRIENDS_WITH	93
27	23	FRIENDS_WITH	46
27	68	FRIENDS_WITH	93
27	24	FRIENDS_WITH	41
28	18	FRIENDS_WITH	61
28	52	FRIENDS_WITH	57
28	48	FRIENDS_WITH	10
28	28	FRIENDS_WITH	69
28	98	FRIENDS_WITH	44
28	79	FRIENDS_WITH	61
28	4	FRIENDS_WITH	41
28	85	FRIENDS_WITH	0
28	15	FRIENDS_WITH	11
28	59	FRIENDS_WITH	62
28	32	FRIENDS_WITH	99
28	61	FRIENDS_WITH	1
28	94	FRIENDS_WITH	11
28	55	FRIENDS_WITH	91
28	18	FRIENDS_WITH	51
28	41	FRIENDS_WITH	33
28	11	FRIENDS_WITH	85
28	6	FRIENDS_WITH	23
28	60	FRIENDS_WITH	81
28	6	FRIENDS_WITH	9
28	17	FRIENDS_WITH	13
28	48	FRIENDS_WITH	56
29	65	FRIENDS_WITH	58
29	86	FRIENDS_WITH	7
29	94	FRIENDS_WITH	38
29	48	FRIENDS_WITH	82
29	89	FRIENDS_WITH	23
29	75	FRIENDS_WITH	37
29	8	FRIENDS_WITH	46
29	24	FRIENDS_WITH	49
29	86	FRIENDS_WITH	57
29	69	FRIENDS_WITH	44
29	52	FRIENDS_WITH	9
29	51	FRIENDS_WITH	38
30	79	FRIENDS_WITH	82
30	79	FRIENDS_WITH	46
30	41	FRIENDS_WITH	63
30	32	FRIENDS_WITH	93
30	27	FRIENDS_WITH	83
30	37	FRIENDS_WITH	21
30	87	FRIENDS_WITH	61
30	18	FRIENDS_WITH	78
30	92	FRIENDS_WITH	42
30	37	FRIENDS_WITH	41
30	48	FRIENDS_WITH	90
30	36	FRIENDS_WITH	96
30	55	FRIENDS_WITH	30
30	13	FRIENDS_WITH	41
30	20	FRIENDS_WITH	65
30	48	FRIENDS_WITH	19
30	21	FRIENDS_WITH	65
30	89	FRIENDS_WITH	95
30	54	FRIENDS_WITH	70
30	78	FRIENDS_WITH	83
30	22	FRIENDS_WITH	85
30	1	FRIENDS_WITH	58
30	31	FRIENDS_WITH	67
30	64	FRIENDS_WITH	64
30	50	FRIENDS_WITH	11
30	65	FRIENDS_WITH	38
30	65	FRIENDS_WITH	62
30	3	FRIENDS_WITH	0
30	84	FRIENDS_WITH	73
30	75	FRIENDS_WITH	23
30	49	FRIENDS_WITH	39
30	50	FRIENDS_WITH	64
30	42	FRIENDS_WITH	40
31	9	FRIENDS_WITH	70
31	61	FRIENDS_WITH	31
31	27	FRIENDS_WITH	56
32	72	FRIENDS_WITH	79
32	11	FRIENDS_WITH	69
32	36	FRIENDS_WITH	62
32	6	FRIENDS_WITH	98
32	56	FRIENDS_WITH	89
32	57	FRIENDS_WITH	7
32	32	FRIENDS_WITH	70
32	98	FRIENDS_WITH	23
32	26	FRIENDS_WITH	95
32	55	FRIENDS_WITH	29
32	43	FRIENDS_WITH	77
32	97	FRIENDS_WITH	77
32	93	FRIENDS_WITH	79
32	61	FRIENDS_WITH	66
32	36	FRIENDS_WITH	47
32	96	FRIENDS_WITH	22
32	53	FRIENDS_WITH	73
32	17	FRIENDS_WITH	4
32	45	FRIENDS_WITH	67
32	31	FRIENDS_WITH	99
32	82	FRIENDS_WITH	51
32	99	FRIENDS_WITH	36
32	96	FRIENDS_WITH	81
32	89	FRIENDS_WITH	35
33	44	FRIENDS_WITH	7
33	19	FRIENDS_WITH	0
34	9	FRIENDS_WITH	26
34	9	FRIENDS_WITH	60
34	58	FRIENDS_WITH	49
34	94	FRIENDS_WITH	24
34	21	FRIENDS_WITH	26
34	8	FRIENDS_WITH	17
34	78	FRIENDS_WITH	86
34	30	FRIENDS_WITH	14
34	46	FRIENDS_WITH	37
34	37	FRIENDS_WITH	61
34	12	FRIENDS_WITH	54
34	18	FRIENDS_WITH	77
34	8	FRIENDS_WITH	72
34	26	FRIENDS_WITH	42
34	60	FRIENDS_WITH	0
34	75	FRIENDS_WITH	71
34	1	FRIENDS_WITH	6
34	93	FRIENDS_WITH	37
34	93	FRIENDS_WITH	32
34	95	FRIENDS_WITH	81
34	61	FRIENDS_WITH	76
34	86	FRIENDS_WITH	59
34	30	FRIENDS_WITH	8
34	32	FRIENDS_WITH	18
34	34	FRIENDS_WITH	63
34	28	FRIENDS_WITH	69
34	32	FRIENDS_WITH	49
34	56	FRIENDS_WITH	84
34	43	FRIENDS_WITH	93
34	43	FRIENDS_WITH	96
34	52	FRIENDS_WITH	77
34	29	FRIENDS_WITH	47
34	3	FRIENDS_WITH	76
34	79	FRIENDS_WITH	77
34	11	FRIENDS_WITH	82
34	96	FRIENDS_WITH	58
34	39	FRIENDS_WITH	28
34	12	FRIENDS_WITH	61
34	88	FRIENDS_WITH	78
34	5	FRIENDS_WITH	81
34	29	FRIENDS_WITH	96
34	91	FRIENDS_WITH	15
34	95	FRIENDS_WITH	29
34	4	FRIENDS_WITH	36
34	33	FRIENDS_WITH	27
34	51	FRIENDS_WITH	93
34	4	FRIENDS_WITH	36
34	15	FRIENDS_WITH	45
35	15	FRIENDS_WITH	8
35	26	FRIENDS_WITH	98
35	27	FRIENDS_WITH	48
35	73	FRIENDS_WITH	21
35	76	FRIENDS_WITH	34
35	52	FRIENDS_WITH	8
35	73	FRIENDS_WITH	14
35	77	FRIENDS_WITH	53
35	68	FRIENDS_WITH	36
35	47	FRIENDS_WITH	83
35	76	FRIENDS_WITH	51
35	21	FRIENDS_WITH	50
35	23	FRIENDS_WITH	34
35	4	FRIENDS_WITH	57
35	96	FRIENDS_WITH	37
35	92	FRIENDS_WITH	10
35	53	FRIENDS_WITH	59
35	30	FRIENDS_WITH	55
35	9	FRIENDS_WITH	39
35	78	FRIENDS_WITH	19
35	47	FRIENDS_WITH	60
35	77	FRIENDS_WITH	32
35	88	FRIENDS_WITH	2
35	78	FRIENDS_WITH	69
35	78	FRIENDS_WITH	95
35	49	FRIENDS_WITH	47
35	42	FRIENDS_WITH	52
35	79	FRIENDS_WITH	46
35	34	FRIENDS_WITH	61
35	19	FRIENDS_WITH	26
35	25	FRIENDS_WITH	67
35	75	FRIENDS_WITH	69
35	35	FRIENDS_WITH	47
35	30	FRIENDS_WITH	14
35	92	FRIENDS_WITH	30
35	1	FRIENDS_WITH	5
35	33	FRIENDS_WITH	54
35	16	FRIENDS_WITH	12
35	17	FRIENDS_WITH	85
35	42	FRIENDS_WITH	71
35	13	FRIENDS_WITH	24
35	83	FRIENDS_WITH	76
35	50	FRIENDS_WITH	8
35	77	FRIENDS_WITH	99
35	21	FRIENDS_WITH	69
35	61	FRIENDS_WITH	46
35	84	FRIENDS_WITH	85
35	2	FRIENDS_WITH	48
36	26	FRIENDS_WITH	81
36	20	FRIENDS_WITH	6
36	4	FRIENDS_WITH	74
36	52	FRIENDS_WITH	92
36	72	FRIENDS_WITH	66
36	52	FRIENDS_WITH	17
36	93	FRIENDS_WITH	69
36	17	FRIENDS_WITH	20
36	17	FRIENDS_WITH	95
36	1	FRIENDS_WITH	50
36	39	FRIENDS_WITH	67
36	59	FRIENDS_WITH	48
36	28	FRIENDS_WITH	79
36	58	FRIENDS_WITH	17
36	15	FRIENDS_WITH	73
36	91	FRIENDS_WITH	85
36	14	FRIENDS_WITH	25
36	73	FRIENDS_WITH	94
36	29	FRIENDS_WITH	6
36	50	FRIENDS_WITH	23
36	26	FRIENDS_WITH	69
36	13	FRIENDS_WITH	36
36	33	FRIENDS_WITH	72
36	60	FRIENDS_WITH	17
36	29	FRIENDS_WITH	7
36	63	FRIENDS_WITH	23
36	15	FRIENDS_WITH	84
36	15	FRIENDS_WITH	75
36	83	FRIENDS_WITH	36
36	49	FRIENDS_WITH	98
36	31	FRIENDS_WITH	65
36	56	FRIENDS_WITH	20
37	72	FRIENDS_WITH	94
37	9	FRIENDS_WITH	46
37	33	FRIENDS_WITH	11
37	95	FRIENDS_WITH	82
37	14	FRIENDS_WITH	87
37	2	FRIENDS_WITH	29
37	88	FRIENDS_WITH	46
37	81	FRIENDS_WITH	27
37	42	FRIENDS_WITH	43
37	87	FRIENDS_WITH	51
37	80	FRIENDS_WITH	5
37	44	FRIENDS_WITH	8
37	59	FRIENDS_WITH	86
37	47	FRIENDS_WITH	66
37	85	FRIENDS_WITH	36
37	96	FRIENDS_WITH	8
37	83	FRIENDS_WITH	60
37	91	FRIENDS_WITH	19
37	90	FRIENDS_WITH	40
37	55	FRIENDS_WITH	23
37	22	FRIENDS_WITH	52
37	34	FRIENDS_WITH	14
37	31	FRIENDS_WITH	54
37	25	FRIENDS_WITH	7
37	60	FRIENDS_WITH	9
37	5	FRIENDS_WITH	85
37	4	FRIENDS_WITH	70
37	73	FRIENDS_WITH	20
38	76	FRIENDS_WITH	82
38	30	FRIENDS_WITH	28
38	16	FRIENDS_WITH	74
38	78	FRIENDS_WITH	87
38	27	FRIENDS_WITH	9
38	57	FRIENDS_WITH	10
38	38	FRIENDS_WITH	41
38	67	FRIENDS_WITH	18
38	94	FRIENDS_WITH	16
38	86	FRIENDS_WITH	83
38	3	FRIENDS_WITH	84
38	2	FRIENDS_WITH	39
38	48	FRIENDS_WITH	85
38	37	FRIENDS_WITH	95
38	81	FRIENDS_WITH	48
38	19	FRIENDS_WITH	22
38	57	FRIENDS_WITH	9
38	4	FRIENDS_WITH	64
38	58	FRIENDS_WITH	65
38	48	FRIENDS_WITH	42
38	75	FRIENDS_WITH	30
38	48	FRIENDS_WITH	34
38	29	FRIENDS_WITH	70
38	56	FRIENDS_WITH	63
39	9	FRIENDS_WITH	72
39	87	FRIENDS_WITH	66
39	34	FRIENDS_WITH	8
39	26	FRIENDS_WITH	27
39	87	FRIENDS_WITH	0
39	32	FRIENDS_WITH	89
39	23	FRIENDS_WITH	72
39	32	FRIENDS_WITH	7
39	48	FRIENDS_WITH	99
39	9	FRIENDS_WITH	11
39	2	FRIENDS_WITH	21
39	36	FRIENDS_WITH	71
39	63	FRIENDS_WITH	88
39	65	FRIENDS_WITH	27
39	7	FRIENDS_WITH	94
39	2	FRIENDS_WITH	14
39	49	FRIENDS_WITH	68
39	11	FRIENDS_WITH	91
39	86	FRIENDS_WITH	68
39	34	FRIENDS_WITH	57
39	61	FRIENDS_WITH	55
39	85	FRIENDS_WITH	30
39	75	FRIENDS_WITH	52
39	93	FRIENDS_WITH	21
39	94	FRIENDS_WITH	38
40	42	FRIENDS_WITH	64
40	72	FRIENDS_WITH	34
40	7	FRIENDS_WITH	54
40	61	FRIENDS_WITH	66
41	64	FRIENDS_WITH	41
41	11	FRIENDS_WITH	58
41	34	FRIENDS_WITH	46
41	24	FRIENDS_WITH	26
41	88	FRIENDS_WITH	16
41	15	FRIENDS_WITH	29
41	1	FRIENDS_WITH	57
41	75	FRIENDS_WITH	69
41	12	FRIENDS_WITH	31
41	16	FRIENDS_WITH	79
41	55	FRIENDS_WITH	30
42	17	FRIENDS_WITH	60
42	64	FRIENDS_WITH	77
42	1	FRIENDS_WITH	73
42	81	FRIENDS_WITH	15
42	40	FRIENDS_WITH	9
42	47	FRIENDS_WITH	69
42	59	FRIENDS_WITH	29
42	44	FRIENDS_WITH	90
42	29	FRIENDS_WITH	74
42	15	FRIENDS_WITH	71
42	23	FRIENDS_WITH	70
42	2	FRIENDS_WITH	8
42	61	FRIENDS_WITH	63
42	10	FRIENDS_WITH	23
42	72	FRIENDS_WITH	43
42	70	FRIENDS_WITH	77
42	53	FRIENDS_WITH	88
42	45	FRIENDS_WITH	79
42	73	FRIENDS_WITH	11
42	56	FRIENDS_WITH	79
42	89	FRIENDS_WITH	63
42	81	FRIENDS_WITH	76
42	94	FRIENDS_WITH	63
42	52	FRIENDS_WITH	79
42	33	FRIENDS_WITH	77
42	14	FRIENDS_WITH	28
42	3	FRIENDS_WITH	68
42	49	FRIENDS_WITH	57
42	80	FRIENDS_WITH	64
42	18	FRIENDS_WITH	51
42	38	FRIENDS_WITH	43
42	46	FRIENDS_WITH	27
42	28	FRIENDS_WITH	84
42	50	FRIENDS_WITH	36
42	5	FRIENDS_WITH	38
42	74	FRIENDS_WITH	1
42	44	FRIENDS_WITH	11
42	11	FRIENDS_WITH	4
42	24	FRIENDS_WITH	45
42	68	FRIENDS_WITH	79
42	36	FRIENDS_WITH	26
42	38	FRIENDS_WITH	90
42	2	FRIENDS_WITH	82
42	3	FRIENDS_WITH	6
42	43	FRIENDS_WITH	51
42	41	FRIENDS_WITH	50
43	97	FRIENDS_WITH	16
43	94	FRIENDS_WITH	80
43	62	FRIENDS_WITH	25
43	51	FRIENDS_WITH	69
43	7	FRIENDS_WITH	10
43	7	FRIENDS_WITH	84
43	86	FRIENDS_WITH	48
43	70	FRIENDS_WITH	5
43	29	FRIENDS_WITH	95
43	19	FRIENDS_WITH	78
43	26	FRIENDS_WITH	2
43	77	FRIENDS_WITH	57
43	92	FRIENDS_WITH	31
43	61	FRIENDS_WITH	46
43	20	FRIENDS_WITH	53
43	71	FRIENDS_WITH	68
43	66	FRIENDS_WITH	50
43	44	FRIENDS_WITH	31
43	32	FRIENDS_WITH	88
43	22	FRIENDS_WITH	95
43	57	FRIENDS_WITH	27
43	68	FRIENDS_WITH	44
43	84	FRIENDS_WITH	32
43	36	FRIENDS_WITH	73
43	74	FRIENDS_WITH	92
43	10	FRIENDS_WITH	71
43	6	FRIENDS_WITH	64
43	92	FRIENDS_WITH	61
43	30	FRIENDS_WITH	89
43	82	FRIENDS_WITH	62
43	77	FRIENDS_WITH	7
43	92	FRIENDS_WITH	77
43	21	FRIENDS_WITH	33
43	9	FRIENDS_WITH	97
43	68	FRIENDS_WITH	38
43	37	FRIENDS_WITH	14
43	21	FRIENDS_WITH	83
43	1	FRIENDS_WITH	11
43	62	FRIENDS_WITH	65
43	44	FRIENDS_WITH	2
43	94	FRIENDS_WITH	47
43	58	FRIENDS_WITH	82
43	35	FRIENDS_WITH	87
43	80	FRIENDS_WITH	14
43	73	FRIENDS_WITH	8
43	19	FRIENDS_WITH	76
44	85	FRIENDS_WITH	59
44	73	FRIENDS_WITH	72
44	65	FRIENDS_WITH	34
44	19	FRIENDS_WITH	18
44	13	FRIENDS_WITH	27
44	81	FRIENDS_WITH	56
44	39	FRIENDS_WITH	62
44	93	FRIENDS_WITH	26
44	94	FRIENDS_WITH	49
44	93	FRIENDS_WITH	40
44	51	FRIENDS_WITH	93
44	14	FRIENDS_WITH	49
44	46	FRIENDS_WITH	17
44	2	FRIENDS_WITH	10
44	73	FRIENDS_WITH	2
44	1	FRIENDS_WITH	81
44	13	FRIENDS_WITH	37
44	66	FRIENDS_WITH	1
44	90	FRIENDS_WITH	72
44	63	FRIENDS_WITH	34
44	20	FRIENDS_WITH	87
44	88	FRIENDS_WITH	15
44	95	FRIENDS_WITH	70
44	17	FRIENDS_WITH	27
44	9	FRIENDS_WITH	18
44	15	FRIENDS_WITH	91
44	46	FRIENDS_WITH	6
44	75	FRIENDS_WITH	45
44	57	FRIENDS_WITH	89
44	83	FRIENDS_WITH	81
44	83	FRIENDS_WITH	31
44	51	FRIENDS_WITH	8
44	19	FRIENDS_WITH	95
44	30	FRIENDS_WITH	90
44	90	FRIENDS_WITH	9
44	64	FRIENDS_WITH	26
44	87	FRIENDS_WITH	47
44	12	FRIENDS_WITH	91
44	42	FRIENDS_WITH	30
45	57	FRIENDS_WITH	95
45	87	FRIENDS_WITH	39
45	28	FRIENDS_WITH	48
45	97	FRIENDS_WITH	12
45	18	FRIENDS_WITH	85
45	1	FRIENDS_WITH	75
45	45	FRIENDS_WITH	0
45	84	FRIENDS_WITH	68
45	90	FRIENDS_WITH	90
45	40	FRIENDS_WITH	22
45	67	FRIENDS_WITH	67
45	38	FRIENDS_WITH	66
45	61	FRIENDS_WITH	36
45	33	FRIENDS_WITH	35
45	38	FRIENDS_WITH	62
45	17	FRIENDS_WITH	55
45	81	FRIENDS_WITH	1
45	51	FRIENDS_WITH	77
45	78	FRIENDS_WITH	20
45	48	FRIENDS_WITH	16
45	77	FRIENDS_WITH	44
45	59	FRIENDS_WITH	69
45	61	FRIENDS_WITH	31
45	38	FRIENDS_WITH	95
46	43	FRIENDS_WITH	7
46	20	FRIENDS_WITH	21
46	58	FRIENDS_WITH	76
47	71	FRIENDS_WITH	26
47	28	FRIENDS_WITH	43
47	36	FRIENDS_WITH	77
47	9	FRIENDS_WITH	92
47	63	FRIENDS_WITH	43
47	87	FRIENDS_WITH	88
47	27	FRIENDS_WITH	27
47	43	FRIENDS_WITH	81
47	45	FRIENDS_WITH	21
47	95	FRIENDS_WITH	35
47	35	FRIENDS_WITH	31
47	66	FRIENDS_WITH	51
47	30	FRIENDS_WITH	49
47	75	FRIENDS_WITH	13
47	39	FRIENDS_WITH	60
47	66	FRIENDS_WITH	32
47	10	FRIENDS_WITH	54
47	59	FRIENDS_WITH	2
47	89	FRIENDS_WITH	38
47	56	FRIENDS_WITH	58
47	54	FRIENDS_WITH	29
47	41	FRIENDS_WITH	78
47	35	FRIENDS_WITH	10
47	62	FRIENDS_WITH	18
48	37	FRIENDS_WITH	99
48	41	FRIENDS_WITH	96
48	7	FRIENDS_WITH	75
48	40	FRIENDS_WITH	99
48	42	FRIENDS_WITH	47
48	13	FRIENDS_WITH	11
48	47	FRIENDS_WITH	81
48	67	FRIENDS_WITH	22
48	97	FRIENDS_WITH	1
48	53	FRIENDS_WITH	10
48	9	FRIENDS_WITH	71
48	97	FRIENDS_WITH	20
48	34	FRIENDS_WITH	84
48	26	FRIENDS_WITH	96
48	64	FRIENDS_WITH	75
48	8	FRIENDS_WITH	37
48	77	FRIENDS_WITH	65
48	52	FRIENDS_WITH	98
48	39	FRIENDS_WITH	34
48	90	FRIENDS_WITH	65
48	74	FRIENDS_WITH	21
48	89	FRIENDS_WITH	94
48	90	FRIENDS_WITH	55
48	36	FRIENDS_WITH	33
48	51	FRIENDS_WITH	10
48	30	FRIENDS_WITH	70
48	70	FRIENDS_WITH	87
48	74	FRIENDS_WITH	77
48	64	FRIENDS_WITH	7
48	82	FRIENDS_WITH	33
48	11	FRIENDS_WITH	68
48	98	FRIENDS_WITH	16
48	98	FRIENDS_WITH	1
48	73	FRIENDS_WITH	73
48	6	FRIENDS_WITH	3
48	61	FRIENDS_WITH	1
48	61	FRIENDS_WITH	63
48	13	FRIENDS_WITH	33
48	64	FRIENDS_WITH	76
48	19	FRIENDS_WITH	49
48	5	FRIENDS_WITH	36
48	32	FRIENDS_WITH	66
48	42	FRIENDS_WITH	10
48	31	FRIENDS_WITH	53
49	1	FRIENDS_WITH	15
49	64	FRIENDS_WITH	70
49	14	FRIENDS_WITH	19
49	87	FRIENDS_WITH	36
49	7	FRIENDS_WITH	76
49	52	FRIENDS_WITH	50
49	80	FRIENDS_WITH	56
49	56	FRIENDS_WITH	99
49	96	FRIENDS_WITH	58
49	41	FRIENDS_WITH	64
49	21	FRIENDS_WITH	42
49	43	FRIENDS_WITH	28
49	93	FRIENDS_WITH	39
49	33	FRIENDS_WITH	94
49	32	FRIENDS_WITH	99
49	6	FRIENDS_WITH	87
49	84	FRIENDS_WITH	74
49	67	FRIENDS_WITH	71
49	23	FRIENDS_WITH	16
49	22	FRIENDS_WITH	79
49	31	FRIENDS_WITH	33
49	29	FRIENDS_WITH	95
49	51	FRIENDS_WITH	48
50	67	FRIENDS_WITH	73
50	79	FRIENDS_WITH	57
50	17	FRIENDS_WITH	93
50	30	FRIENDS_WITH	1
50	63	FRIENDS_WITH	13
50	5	FRIENDS_WITH	48
50	45	FRIENDS_WITH	41
50	81	FRIENDS_WITH	1
50	63	FRIENDS_WITH	77
50	72	FRIENDS_WITH	5
50	83	FRIENDS_WITH	77
50	71	FRIENDS_WITH	45
50	59	FRIENDS_WITH	96
50	7	FRIENDS_WITH	30
50	72	FRIENDS_WITH	79
50	20	FRIENDS_WITH	75
50	36	FRIENDS_WITH	4
50	73	FRIENDS_WITH	52
50	83	FRIENDS_WITH	75
50	12	FRIENDS_WITH	58
50	45	FRIENDS_WITH	29
50	30	FRIENDS_WITH	91
50	81	FRIENDS_WITH	24
50	35	FRIENDS_WITH	52
50	51	FRIENDS_WITH	18
50	14	FRIENDS_WITH	72
50	7	FRIENDS_WITH	54
50	27	FRIENDS_WITH	21
50	49	FRIENDS_WITH	28
50	33	FRIENDS_WITH	45
50	58	FRIENDS_WITH	34
50	47	FRIENDS_WITH	67
50	16	FRIENDS_WITH	1
50	43	FRIENDS_WITH	95
50	62	FRIENDS_WITH	20
50	29	FRIENDS_WITH	0
50	19	FRIENDS_WITH	99
50	41	FRIENDS_WITH	16
50	64	FRIENDS_WITH	85
51	1	FRIENDS_WITH	65
51	7	FRIENDS_WITH	29
51	13	FRIENDS_WITH	70
51	47	FRIENDS_WITH	73
51	79	FRIENDS_WITH	34
51	36	FRIENDS_WITH	78
52	26	FRIENDS_WITH	87
52	26	FRIENDS_WITH	98
52	30	FRIENDS_WITH	99
52	7	FRIENDS_WITH	74
52	7	FRIENDS_WITH	2
52	49	FRIENDS_WITH	16
52	79	FRIENDS_WITH	6
52	69	FRIENDS_WITH	0
52	85	FRIENDS_WITH	58
52	99	FRIENDS_WITH	60
52	89	FRIENDS_WITH	47
52	85	FRIENDS_WITH	50
52	47	FRIENDS_WITH	60
52	84	FRIENDS_WITH	40
52	16	FRIENDS_WITH	40
52	65	FRIENDS_WITH	15
52	65	FRIENDS_WITH	95
52	43	FRIENDS_WITH	5
52	39	FRIENDS_WITH	40
52	73	FRIENDS_WITH	47
52	37	FRIENDS_WITH	21
52	49	FRIENDS_WITH	42
52	37	FRIENDS_WITH	13
52	87	FRIENDS_WITH	47
53	35	FRIENDS_WITH	67
53	89	FRIENDS_WITH	48
53	25	FRIENDS_WITH	79
53	12	FRIENDS_WITH	42
53	94	FRIENDS_WITH	25
53	67	FRIENDS_WITH	96
53	37	FRIENDS_WITH	88
54	93	FRIENDS_WITH	58
54	3	FRIENDS_WITH	79
54	63	FRIENDS_WITH	50
54	61	FRIENDS_WITH	71
54	71	FRIENDS_WITH	48
54	87	FRIENDS_WITH	35
54	82	FRIENDS_WITH	56
54	84	FRIENDS_WITH	96
54	44	FRIENDS_WITH	69
54	83	FRIENDS_WITH	12
54	92	FRIENDS_WITH	76
54	57	FRIENDS_WITH	11
54	50	FRIENDS_WITH	59
54	36	FRIENDS_WITH	98
54	53	FRIENDS_WITH	99
54	70	FRIENDS_WITH	37
54	22	FRIENDS_WITH	18
54	64	FRIENDS_WITH	19
54	95	FRIENDS_WITH	14
54	71	FRIENDS_WITH	85
54	54	FRIENDS_WITH	50
55	97	FRIENDS_WITH	81
55	19	FRIENDS_WITH	37
55	35	FRIENDS_WITH	31
55	14	FRIENDS_WITH	76
55	51	FRIENDS_WITH	3
55	36	FRIENDS_WITH	5
55	67	FRIENDS_WITH	45
55	20	FRIENDS_WITH	64
55	76	FRIENDS_WITH	88
55	68	FRIENDS_WITH	9
55	96	FRIENDS_WITH	51
55	59	FRIENDS_WITH	10
55	83	FRIENDS_WITH	76
55	29	FRIENDS_WITH	75
55	59	FRIENDS_WITH	28
55	38	FRIENDS_WITH	61
55	25	FRIENDS_WITH	61
55	40	FRIENDS_WITH	14
55	72	FRIENDS_WITH	23
55	63	FRIENDS_WITH	17
55	14	FRIENDS_WITH	83
55	25	FRIENDS_WITH	93
55	56	FRIENDS_WITH	39
55	6	FRIENDS_WITH	45
55	41	FRIENDS_WITH	73
55	51	FRIENDS_WITH	90
55	10	FRIENDS_WITH	60
56	9	FRIENDS_WITH	86
56	95	FRIENDS_WITH	28
56	51	FRIENDS_WITH	59
57	58	FRIENDS_WITH	15
57	73	FRIENDS_WITH	27
57	1	FRIENDS_WITH	92
57	4	FRIENDS_WITH	95
57	7	FRIENDS_WITH	18
57	24	FRIENDS_WITH	64
57	9	FRIENDS_WITH	90
57	6	FRIENDS_WITH	6
57	38	FRIENDS_WITH	14
57	45	FRIENDS_WITH	25
57	8	FRIENDS_WITH	97
57	92	FRIENDS_WITH	20
57	81	FRIENDS_WITH	61
57	5	FRIENDS_WITH	91
57	6	FRIENDS_WITH	71
57	62	FRIENDS_WITH	73
57	3	FRIENDS_WITH	75
57	88	FRIENDS_WITH	71
57	66	FRIENDS_WITH	77
57	53	FRIENDS_WITH	56
57	41	FRIENDS_WITH	68
57	40	FRIENDS_WITH	53
57	79	FRIENDS_WITH	12
58	8	FRIENDS_WITH	61
58	58	FRIENDS_WITH	81
58	86	FRIENDS_WITH	70
58	23	FRIENDS_WITH	50
58	35	FRIENDS_WITH	71
58	44	FRIENDS_WITH	32
58	35	FRIENDS_WITH	50
58	73	FRIENDS_WITH	55
58	82	FRIENDS_WITH	29
58	34	FRIENDS_WITH	99
58	91	FRIENDS_WITH	67
58	4	FRIENDS_WITH	84
58	71	FRIENDS_WITH	90
58	26	FRIENDS_WITH	0
58	66	FRIENDS_WITH	31
58	97	FRIENDS_WITH	38
58	5	FRIENDS_WITH	21
58	22	FRIENDS_WITH	97
58	34	FRIENDS_WITH	25
59	91	FRIENDS_WITH	75
59	43	FRIENDS_WITH	55
59	19	FRIENDS_WITH	18
59	25	FRIENDS_WITH	22
59	51	FRIENDS_WITH	52
59	33	FRIENDS_WITH	6
59	14	FRIENDS_WITH	97
59	78	FRIENDS_WITH	16
59	88	FRIENDS_WITH	30
59	58	FRIENDS_WITH	40
59	41	FRIENDS_WITH	84
59	59	FRIENDS_WITH	85
59	89	FRIENDS_WITH	73
59	90	FRIENDS_WITH	37
59	92	FRIENDS_WITH	51
59	99	FRIENDS_WITH	55
59	44	FRIENDS_WITH	89
59	52	FRIENDS_WITH	8
59	77	FRIENDS_WITH	9
59	53	FRIENDS_WITH	87
59	95	FRIENDS_WITH	66
59	40	FRIENDS_WITH	23
59	47	FRIENDS_WITH	77
59	69	FRIENDS_WITH	37
59	61	FRIENDS_WITH	49
59	76	FRIENDS_WITH	39
59	89	FRIENDS_WITH	66
59	11	FRIENDS_WITH	94
59	12	FRIENDS_WITH	36
59	45	FRIENDS_WITH	5
59	45	FRIENDS_WITH	99
59	90	FRIENDS_WITH	28
59	88	FRIENDS_WITH	87
59	23	FRIENDS_WITH	52
59	10	FRIENDS_WITH	25
59	27	FRIENDS_WITH	20
60	18	FRIENDS_WITH	22
60	25	FRIENDS_WITH	97
60	35	FRIENDS_WITH	49
60	85	FRIENDS_WITH	77
60	5	FRIENDS_WITH	50
60	75	FRIENDS_WITH	10
60	35	FRIENDS_WITH	84
60	25	FRIENDS_WITH	19
60	72	FRIENDS_WITH	65
60	37	FRIENDS_WITH	45
60	65	FRIENDS_WITH	46
60	83	FRIENDS_WITH	43
60	43	FRIENDS_WITH	16
60	7	FRIENDS_WITH	53
61	17	FRIENDS_WITH	18
61	80	FRIENDS_WITH	87
61	23	FRIENDS_WITH	15
61	98	FRIENDS_WITH	98
61	65	FRIENDS_WITH	48
61	29	FRIENDS_WITH	54
61	92	FRIENDS_WITH	50
61	47	FRIENDS_WITH	33
61	98	FRIENDS_WITH	71
61	87	FRIENDS_WITH	40
61	27	FRIENDS_WITH	3
61	60	FRIENDS_WITH	28
61	55	FRIENDS_WITH	66
61	10	FRIENDS_WITH	58
61	28	FRIENDS_WITH	10
61	67	FRIENDS_WITH	81
61	59	FRIENDS_WITH	79
61	16	FRIENDS_WITH	98
61	38	FRIENDS_WITH	92
61	97	FRIENDS_WITH	43
61	60	FRIENDS_WITH	4
61	48	FRIENDS_WITH	54
61	73	FRIENDS_WITH	0
61	15	FRIENDS_WITH	92
61	23	FRIENDS_WITH	92
61	36	FRIENDS_WITH	0
61	38	FRIENDS_WITH	47
61	97	FRIENDS_WITH	22
61	50	FRIENDS_WITH	9
61	35	FRIENDS_WITH	89
61	33	FRIENDS_WITH	15
61	27	FRIENDS_WITH	23
61	57	FRIENDS_WITH	3
61	86	FRIENDS_WITH	43
61	33	FRIENDS_WITH	30
61	91	FRIENDS_WITH	83
61	36	FRIENDS_WITH	2
61	36	FRIENDS_WITH	36
61	44	FRIENDS_WITH	68
61	22	FRIENDS_WITH	87
61	30	FRIENDS_WITH	66
61	1	FRIENDS_WITH	50
61	99	FRIENDS_WITH	13
61	54	FRIENDS_WITH	66
61	4	FRIENDS_WITH	72
61	70	FRIENDS_WITH	96
61	52	FRIENDS_WITH	65
62	75	FRIENDS_WITH	16
62	88	FRIENDS_WITH	43
62	29	FRIENDS_WITH	81
63	72	FRIENDS_WITH	20
63	17	FRIENDS_WITH	1
63	3	FRIENDS_WITH	63
63	15	FRIENDS_WITH	69
63	81	FRIENDS_WITH	50
63	89	FRIENDS_WITH	18
63	47	FRIENDS_WITH	36
63	2	FRIENDS_WITH	79
63	47	FRIENDS_WITH	24
63	93	FRIENDS_WITH	24
63	34	FRIENDS_WITH	25
63	15	FRIENDS_WITH	11
63	54	FRIENDS_WITH	85
63	87	FRIENDS_WITH	8
63	77	FRIENDS_WITH	90
63	14	FRIENDS_WITH	57
63	58	FRIENDS_WITH	22
64	10	FRIENDS_WITH	39
64	11	FRIENDS_WITH	94
64	89	FRIENDS_WITH	69
64	57	FRIENDS_WITH	11
64	47	FRIENDS_WITH	23
64	18	FRIENDS_WITH	77
64	19	FRIENDS_WITH	25
64	33	FRIENDS_WITH	15
64	50	FRIENDS_WITH	55
64	71	FRIENDS_WITH	23
64	93	FRIENDS_WITH	87
64	14	FRIENDS_WITH	62
64	98	FRIENDS_WITH	18
64	45	FRIENDS_WITH	45
64	23	FRIENDS_WITH	49
64	59	FRIENDS_WITH	64
64	82	FRIENDS_WITH	5
64	41	FRIENDS_WITH	42
64	51	FRIENDS_WITH	23
64	55	FRIENDS_WITH	43
64	1	FRIENDS_WITH	68
64	82	FRIENDS_WITH	48
64	27	FRIENDS_WITH	6
64	86	FRIENDS_WITH	58
64	41	FRIENDS_WITH	46
64	29	FRIENDS_WITH	3
64	15	FRIENDS_WITH	77
64	42	FRIENDS_WITH	88
65	68	FRIENDS_WITH	63
65	22	FRIENDS_WITH	11
65	28	FRIENDS_WITH	35
65	72	FRIENDS_WITH	14
65	46	FRIENDS_WITH	57
65	97	FRIENDS_WITH	99
65	7	FRIENDS_WITH	87
65	43	FRIENDS_WITH	53
65	54	FRIENDS_WITH	81
65	28	FRIENDS_WITH	50
65	71	FRIENDS_WITH	77
65	38	FRIENDS_WITH	59
65	3	FRIENDS_WITH	34
65	49	FRIENDS_WITH	24
65	7	FRIENDS_WITH	66
65	8	FRIENDS_WITH	78
65	72	FRIENDS_WITH	19
65	36	FRIENDS_WITH	99
65	69	FRIENDS_WITH	14
65	9	FRIENDS_WITH	63
65	83	FRIENDS_WITH	83
65	3	FRIENDS_WITH	31
65	82	FRIENDS_WITH	33
66	63	FRIENDS_WITH	54
66	16	FRIENDS_WITH	25
66	41	FRIENDS_WITH	33
66	48	FRIENDS_WITH	96
66	16	FRIENDS_WITH	36
66	19	FRIENDS_WITH	62
66	97	FRIENDS_WITH	66
66	42	FRIENDS_WITH	83
66	16	FRIENDS_WITH	67
66	25	FRIENDS_WITH	44
66	45	FRIENDS_WITH	61
66	85	FRIENDS_WITH	55
66	36	FRIENDS_WITH	9
66	67	FRIENDS_WITH	24
66	71	FRIENDS_WITH	12
66	47	FRIENDS_WITH	80
66	82	FRIENDS_WITH	45
66	48	FRIENDS_WITH	91
66	66	FRIENDS_WITH	7
66	96	FRIENDS_WITH	49
66	98	FRIENDS_WITH	66
66	50	FRIENDS_WITH	97
66	15	FRIENDS_WITH	66
66	34	FRIENDS_WITH	73
66	46	FRIENDS_WITH	80
66	11	FRIENDS_WITH	36
66	82	FRIENDS_WITH	93
66	75	FRIENDS_WITH	63
66	83	FRIENDS_WITH	72
66	62	FRIENDS_WITH	67
67	23	FRIENDS_WITH	12
67	35	FRIENDS_WITH	26
67	71	FRIENDS_WITH	85
67	13	FRIENDS_WITH	64
67	89	FRIENDS_WITH	18
67	23	FRIENDS_WITH	80
67	97	FRIENDS_WITH	86
67	91	FRIENDS_WITH	26
67	84	FRIENDS_WITH	41
67	42	FRIENDS_WITH	9
67	76	FRIENDS_WITH	84
67	4	FRIENDS_WITH	30
67	20	FRIENDS_WITH	2
67	19	FRIENDS_WITH	66
67	53	FRIENDS_WITH	53
67	69	FRIENDS_WITH	22
67	36	FRIENDS_WITH	16
67	64	FRIENDS_WITH	62
67	90	FRIENDS_WITH	10
67	41	FRIENDS_WITH	99
68	35	FRIENDS_WITH	4
68	95	FRIENDS_WITH	76
68	35	FRIENDS_WITH	41
68	60	FRIENDS_WITH	44
68	66	FRIENDS_WITH	59
68	96	FRIENDS_WITH	5
68	45	FRIENDS_WITH	15
68	23	FRIENDS_WITH	98
68	67	FRIENDS_WITH	94
68	49	FRIENDS_WITH	35
68	11	FRIENDS_WITH	5
68	44	FRIENDS_WITH	92
68	34	FRIENDS_WITH	36
68	31	FRIENDS_WITH	45
68	27	FRIENDS_WITH	15
68	15	FRIENDS_WITH	35
68	76	FRIENDS_WITH	54
68	69	FRIENDS_WITH	73
68	78	FRIENDS_WITH	0
68	16	FRIENDS_WITH	64
68	41	FRIENDS_WITH	73
68	56	FRIENDS_WITH	88
68	77	FRIENDS_WITH	92
68	32	FRIENDS_WITH	42
68	77	FRIENDS_WITH	29
68	61	FRIENDS_WITH	70
68	85	FRIENDS_WITH	36
68	1	FRIENDS_WITH	66
68	21	FRIENDS_WITH	35
68	77	FRIENDS_WITH	74
68	95	FRIENDS_WITH	2
68	4	FRIENDS_WITH	94
68	94	FRIENDS_WITH	31
68	76	FRIENDS_WITH	9
68	65	FRIENDS_WITH	11
68	17	FRIENDS_WITH	23
68	72	FRIENDS_WITH	44
68	17	FRIENDS_WITH	24
68	72	FRIENDS_WITH	24
68	16	FRIENDS_WITH	25
69	1	FRIENDS_WITH	69
69	79	FRIENDS_WITH	27
69	97	FRIENDS_WITH	86
69	91	FRIENDS_WITH	61
69	63	FRIENDS_WITH	83
69	58	FRIENDS_WITH	88
69	59	FRIENDS_WITH	47
69	56	FRIENDS_WITH	65
69	54	FRIENDS_WITH	80
69	80	FRIENDS_WITH	76
69	10	FRIENDS_WITH	68
69	33	FRIENDS_WITH	90
69	37	FRIENDS_WITH	66
69	91	FRIENDS_WITH	22
69	90	FRIENDS_WITH	12
69	51	FRIENDS_WITH	47
69	7	FRIENDS_WITH	0
69	25	FRIENDS_WITH	12
69	90	FRIENDS_WITH	97
69	4	FRIENDS_WITH	55
69	59	FRIENDS_WITH	53
69	46	FRIENDS_WITH	16
69	50	FRIENDS_WITH	45
69	5	FRIENDS_WITH	30
69	59	FRIENDS_WITH	0
69	44	FRIENDS_WITH	89
69	28	FRIENDS_WITH	35
69	31	FRIENDS_WITH	41
69	37	FRIENDS_WITH	55
69	44	FRIENDS_WITH	79
69	62	FRIENDS_WITH	89
69	11	FRIENDS_WITH	14
70	5	FRIENDS_WITH	43
70	61	FRIENDS_WITH	81
70	11	FRIENDS_WITH	0
70	28	FRIENDS_WITH	46
70	77	FRIENDS_WITH	73
70	78	FRIENDS_WITH	88
70	53	FRIENDS_WITH	42
70	7	FRIENDS_WITH	53
70	32	FRIENDS_WITH	12
70	79	FRIENDS_WITH	97
70	59	FRIENDS_WITH	49
70	51	FRIENDS_WITH	33
70	98	FRIENDS_WITH	89
70	34	FRIENDS_WITH	59
70	61	FRIENDS_WITH	90
70	24	FRIENDS_WITH	94
70	37	FRIENDS_WITH	96
70	11	FRIENDS_WITH	29
70	29	FRIENDS_WITH	13
70	56	FRIENDS_WITH	1
70	5	FRIENDS_WITH	73
70	77	FRIENDS_WITH	48
70	82	FRIENDS_WITH	86
70	97	FRIENDS_WITH	59
70	77	FRIENDS_WITH	12
70	48	FRIENDS_WITH	45
70	50	FRIENDS_WITH	22
71	19	FRIENDS_WITH	58
71	59	FRIENDS_WITH	57
71	48	FRIENDS_WITH	36
71	25	FRIENDS_WITH	76
71	76	FRIENDS_WITH	96
71	6	FRIENDS_WITH	0
71	57	FRIENDS_WITH	6
71	60	FRIENDS_WITH	51
71	49	FRIENDS_WITH	44
71	84	FRIENDS_WITH	9
71	42	FRIENDS_WITH	51
71	69	FRIENDS_WITH	2
71	47	FRIENDS_WITH	58
71	43	FRIENDS_WITH	32
71	20	FRIENDS_WITH	99
71	90	FRIENDS_WITH	94
71	92	FRIENDS_WITH	88
72	56	FRIENDS_WITH	23
72	44	FRIENDS_WITH	1
72	26	FRIENDS_WITH	36
72	16	FRIENDS_WITH	74
72	92	FRIENDS_WITH	41
72	22	FRIENDS_WITH	55
72	86	FRIENDS_WITH	41
72	86	FRIENDS_WITH	56
72	35	FRIENDS_WITH	3
72	60	FRIENDS_WITH	4
72	38	FRIENDS_WITH	22
72	21	FRIENDS_WITH	68
72	10	FRIENDS_WITH	0
72	6	FRIENDS_WITH	21
72	41	FRIENDS_WITH	99
72	72	FRIENDS_WITH	77
72	51	FRIENDS_WITH	83
72	94	FRIENDS_WITH	61
72	86	FRIENDS_WITH	46
72	3	FRIENDS_WITH	31
72	21	FRIENDS_WITH	63
72	6	FRIENDS_WITH	92
72	52	FRIENDS_WITH	95
72	15	FRIENDS_WITH	96
72	57	FRIENDS_WITH	64
72	73	FRIENDS_WITH	84
72	24	FRIENDS_WITH	85
72	62	FRIENDS_WITH	47
72	3	FRIENDS_WITH	44
72	41	FRIENDS_WITH	49
72	31	FRIENDS_WITH	20
72	65	FRIENDS_WITH	62
72	19	FRIENDS_WITH	54
72	2	FRIENDS_WITH	63
72	77	FRIENDS_WITH	27
72	34	FRIENDS_WITH	40
72	23	FRIENDS_WITH	87
72	67	FRIENDS_WITH	46
72	35	FRIENDS_WITH	66
72	21	FRIENDS_WITH	34
72	66	FRIENDS_WITH	85
72	22	FRIENDS_WITH	57
72	89	FRIENDS_WITH	56
72	53	FRIENDS_WITH	90
72	68	FRIENDS_WITH	72
72	99	FRIENDS_WITH	66
72	81	FRIENDS_WITH	4
73	49	FRIENDS_WITH	0
73	65	FRIENDS_WITH	3
73	31	FRIENDS_WITH	25
73	42	FRIENDS_WITH	21
73	36	FRIENDS_WITH	2
73	66	FRIENDS_WITH	68
74	11	FRIENDS_WITH	12
74	46	FRIENDS_WITH	4
74	89	FRIENDS_WITH	66
74	40	FRIENDS_WITH	80
74	47	FRIENDS_WITH	43
74	39	FRIENDS_WITH	92
74	88	FRIENDS_WITH	64
74	4	FRIENDS_WITH	96
74	39	FRIENDS_WITH	80
74	39	FRIENDS_WITH	65
74	89	FRIENDS_WITH	67
75	23	FRIENDS_WITH	4
75	67	FRIENDS_WITH	92
75	10	FRIENDS_WITH	3
76	55	FRIENDS_WITH	86
76	12	FRIENDS_WITH	47
76	97	FRIENDS_WITH	76
76	74	FRIENDS_WITH	5
76	15	FRIENDS_WITH	86
76	90	FRIENDS_WITH	95
76	25	FRIENDS_WITH	34
76	55	FRIENDS_WITH	13
76	82	FRIENDS_WITH	75
76	16	FRIENDS_WITH	68
76	83	FRIENDS_WITH	95
76	28	FRIENDS_WITH	56
76	72	FRIENDS_WITH	55
76	31	FRIENDS_WITH	5
76	81	FRIENDS_WITH	1
76	87	FRIENDS_WITH	19
76	62	FRIENDS_WITH	40
76	69	FRIENDS_WITH	39
76	65	FRIENDS_WITH	67
76	10	FRIENDS_WITH	58
76	93	FRIENDS_WITH	23
76	56	FRIENDS_WITH	42
76	17	FRIENDS_WITH	31
76	93	FRIENDS_WITH	16
76	84	FRIENDS_WITH	99
76	18	FRIENDS_WITH	24
76	33	FRIENDS_WITH	26
76	48	FRIENDS_WITH	2
76	56	FRIENDS_WITH	39
76	79	FRIENDS_WITH	80
76	45	FRIENDS_WITH	3
76	43	FRIENDS_WITH	36
76	71	FRIENDS_WITH	75
76	63	FRIENDS_WITH	50
76	74	FRIENDS_WITH	39
76	53	FRIENDS_WITH	49
76	17	FRIENDS_WITH	22
76	29	FRIENDS_WITH	52
76	18	FRIENDS_WITH	97
76	80	FRIENDS_WITH	74
76	58	FRIENDS_WITH	0
76	5	FRIENDS_WITH	16
76	60	FRIENDS_WITH	5
76	33	FRIENDS_WITH	90
77	64	FRIENDS_WITH	60
77	73	FRIENDS_WITH	91
77	55	FRIENDS_WITH	57
77	63	FRIENDS_WITH	68
77	25	FRIENDS_WITH	28
78	92	FRIENDS_WITH	72
78	97	FRIENDS_WITH	58
78	17	FRIENDS_WITH	33
78	21	FRIENDS_WITH	92
78	33	FRIENDS_WITH	21
78	16	FRIENDS_WITH	53
78	54	FRIENDS_WITH	9
78	80	FRIENDS_WITH	99
78	73	FRIENDS_WITH	71
78	23	FRIENDS_WITH	45
78	63	FRIENDS_WITH	23
78	72	FRIENDS_WITH	6
78	2	FRIENDS_WITH	54
78	67	FRIENDS_WITH	55
78	74	FRIENDS_WITH	20
78	28	FRIENDS_WITH	96
78	84	FRIENDS_WITH	31
78	17	FRIENDS_WITH	30
78	16	FRIENDS_WITH	22
78	64	FRIENDS_WITH	8
78	57	FRIENDS_WITH	84
78	22	FRIENDS_WITH	2
78	81	FRIENDS_WITH	29
78	27	FRIENDS_WITH	36
78	8	FRIENDS_WITH	81
78	86	FRIENDS_WITH	56
78	67	FRIENDS_WITH	97
78	78	FRIENDS_WITH	78
78	45	FRIENDS_WITH	94
78	37	FRIENDS_WITH	80
78	11	FRIENDS_WITH	90
79	23	FRIENDS_WITH	43
79	34	FRIENDS_WITH	99
79	29	FRIENDS_WITH	25
79	40	FRIENDS_WITH	92
79	23	FRIENDS_WITH	23
79	12	FRIENDS_WITH	85
79	2	FRIENDS_WITH	55
79	60	FRIENDS_WITH	78
79	40	FRIENDS_WITH	5
79	16	FRIENDS_WITH	1
79	84	FRIENDS_WITH	17
79	27	FRIENDS_WITH	7
79	25	FRIENDS_WITH	26
79	17	FRIENDS_WITH	13
79	44	FRIENDS_WITH	88
79	47	FRIENDS_WITH	26
79	19	FRIENDS_WITH	80
79	38	FRIENDS_WITH	75
79	54	FRIENDS_WITH	7
79	49	FRIENDS_WITH	65
79	18	FRIENDS_WITH	61
79	7	FRIENDS_WITH	52
79	80	FRIENDS_WITH	95
79	66	FRIENDS_WITH	55
79	68	FRIENDS_WITH	6
79	46	FRIENDS_WITH	36
79	52	FRIENDS_WITH	27
79	22	FRIENDS_WITH	85
79	62	FRIENDS_WITH	57
79	6	FRIENDS_WITH	64
79	23	FRIENDS_WITH	26
79	65	FRIENDS_WITH	25
79	15	FRIENDS_WITH	81
79	90	FRIENDS_WITH	6
79	62	FRIENDS_WITH	40
79	91	FRIENDS_WITH	16
80	57	FRIENDS_WITH	89
80	29	FRIENDS_WITH	94
80	29	FRIENDS_WITH	88
80	44	FRIENDS_WITH	96
80	65	FRIENDS_WITH	23
80	55	FRIENDS_WITH	53
80	26	FRIENDS_WITH	56
80	38	FRIENDS_WITH	80
80	4	FRIENDS_WITH	24
80	63	FRIENDS_WITH	49
80	94	FRIENDS_WITH	61
80	38	FRIENDS_WITH	20
80	54	FRIENDS_WITH	18
80	69	FRIENDS_WITH	90
80	47	FRIENDS_WITH	58
80	30	FRIENDS_WITH	45
80	55	FRIENDS_WITH	47
80	17	FRIENDS_WITH	76
80	26	FRIENDS_WITH	78
80	98	FRIENDS_WITH	0
80	69	FRIENDS_WITH	47
80	29	FRIENDS_WITH	81
80	33	FRIENDS_WITH	85
80	30	FRIENDS_WITH	3
80	90	FRIENDS_WITH	8
80	31	FRIENDS_WITH	16
80	98	FRIENDS_WITH	82
80	14	FRIENDS_WITH	93
80	44	FRIENDS_WITH	71
81	69	FRIENDS_WITH	82
81	30	FRIENDS_WITH	22
81	50	FRIENDS_WITH	99
81	76	FRIENDS_WITH	78
81	40	FRIENDS_WITH	24
81	79	FRIENDS_WITH	81
81	77	FRIENDS_WITH	28
81	40	FRIENDS_WITH	31
81	92	FRIENDS_WITH	38
81	12	FRIENDS_WITH	57
81	16	FRIENDS_WITH	43
81	11	FRIENDS_WITH	29
81	21	FRIENDS_WITH	30
81	66	FRIENDS_WITH	81
81	1	FRIENDS_WITH	14
81	29	FRIENDS_WITH	59
81	3	FRIENDS_WITH	87
81	42	FRIENDS_WITH	36
81	78	FRIENDS_WITH	43
81	59	FRIENDS_WITH	97
81	53	FRIENDS_WITH	25
81	20	FRIENDS_WITH	56
81	66	FRIENDS_WITH	77
81	62	FRIENDS_WITH	18
81	68	FRIENDS_WITH	95
81	27	FRIENDS_WITH	9
81	31	FRIENDS_WITH	32
81	33	FRIENDS_WITH	22
81	97	FRIENDS_WITH	4
81	52	FRIENDS_WITH	28
81	39	FRIENDS_WITH	73
81	7	FRIENDS_WITH	34
82	87	FRIENDS_WITH	18
82	92	FRIENDS_WITH	45
82	39	FRIENDS_WITH	30
82	4	FRIENDS_WITH	77
82	97	FRIENDS_WITH	18
82	75	FRIENDS_WITH	65
82	55	FRIENDS_WITH	13
82	86	FRIENDS_WITH	65
82	7	FRIENDS_WITH	59
82	26	FRIENDS_WITH	53
82	67	FRIENDS_WITH	93
82	49	FRIENDS_WITH	51
82	91	FRIENDS_WITH	14
82	26	FRIENDS_WITH	27
82	9	FRIENDS_WITH	34
82	97	FRIENDS_WITH	39
82	5	FRIENDS_WITH	3
82	12	FRIENDS_WITH	71
82	79	FRIENDS_WITH	89
82	86	FRIENDS_WITH	82
82	42	FRIENDS_WITH	80
82	10	FRIENDS_WITH	24
82	66	FRIENDS_WITH	77
82	56	FRIENDS_WITH	69
82	73	FRIENDS_WITH	16
82	90	FRIENDS_WITH	11
82	8	FRIENDS_WITH	89
82	69	FRIENDS_WITH	52
82	58	FRIENDS_WITH	72
82	30	FRIENDS_WITH	32
82	64	FRIENDS_WITH	57
82	49	FRIENDS_WITH	69
82	75	FRIENDS_WITH	29
83	99	FRIENDS_WITH	20
83	82	FRIENDS_WITH	92
83	64	FRIENDS_WITH	51
83	82	FRIENDS_WITH	51
83	78	FRIENDS_WITH	48
83	53	FRIENDS_WITH	3
83	6	FRIENDS_WITH	94
83	2	FRIENDS_WITH	74
83	39	FRIENDS_WITH	76
83	86	FRIENDS_WITH	87
83	35	FRIENDS_WITH	96
83	32	FRIENDS_WITH	49
83	29	FRIENDS_WITH	47
83	28	FRIENDS_WITH	97
83	45	FRIENDS_WITH	52
83	13	FRIENDS_WITH	87
83	24	FRIENDS_WITH	34
83	80	FRIENDS_WITH	45
83	65	FRIENDS_WITH	95
83	51	FRIENDS_WITH	94
83	13	FRIENDS_WITH	40
83	5	FRIENDS_WITH	80
83	51	FRIENDS_WITH	56
83	86	FRIENDS_WITH	85
83	54	FRIENDS_WITH	75
83	39	FRIENDS_WITH	0
83	64	FRIENDS_WITH	26
83	33	FRIENDS_WITH	97
83	21	FRIENDS_WITH	80
83	29	FRIENDS_WITH	28
83	71	FRIENDS_WITH	16
83	75	FRIENDS_WITH	17
83	72	FRIENDS_WITH	9
83	25	FRIENDS_WITH	24
83	80	FRIENDS_WITH	42
83	37	FRIENDS_WITH	44
83	79	FRIENDS_WITH	73
83	58	FRIENDS_WITH	80
83	9	FRIENDS_WITH	29
83	80	FRIENDS_WITH	37
83	58	FRIENDS_WITH	13
83	9	FRIENDS_WITH	31
84	32	FRIENDS_WITH	15
84	79	FRIENDS_WITH	96
84	79	FRIENDS_WITH	71
84	67	FRIENDS_WITH	60
84	62	FRIENDS_WITH	74
84	90	FRIENDS_WITH	14
84	84	FRIENDS_WITH	98
84	28	FRIENDS_WITH	48
84	48	FRIENDS_WITH	53
84	22	FRIENDS_WITH	23
84	32	FRIENDS_WITH	52
84	46	FRIENDS_WITH	21
84	46	FRIENDS_WITH	42
84	24	FRIENDS_WITH	50
84	38	FRIENDS_WITH	76
84	70	FRIENDS_WITH	32
84	14	FRIENDS_WITH	29
84	96	FRIENDS_WITH	29
84	31	FRIENDS_WITH	95
85	14	FRIENDS_WITH	69
85	66	FRIENDS_WITH	76
85	91	FRIENDS_WITH	94
85	3	FRIENDS_WITH	49
85	11	FRIENDS_WITH	22
85	90	FRIENDS_WITH	2
85	52	FRIENDS_WITH	56
85	10	FRIENDS_WITH	53
85	69	FRIENDS_WITH	48
85	28	FRIENDS_WITH	52
85	9	FRIENDS_WITH	86
85	44	FRIENDS_WITH	52
85	44	FRIENDS_WITH	63
85	4	FRIENDS_WITH	90
85	15	FRIENDS_WITH	21
85	71	FRIENDS_WITH	60
85	3	FRIENDS_WITH	22
85	11	FRIENDS_WITH	61
85	90	FRIENDS_WITH	26
85	14	FRIENDS_WITH	84
85	94	FRIENDS_WITH	55
85	48	FRIENDS_WITH	92
85	42	FRIENDS_WITH	35
85	16	FRIENDS_WITH	72
85	4	FRIENDS_WITH	49
85	30	FRIENDS_WITH	94
86	59	FRIENDS_WITH	65
86	83	FRIENDS_WITH	17
86	64	FRIENDS_WITH	50
86	23	FRIENDS_WITH	1
86	78	FRIENDS_WITH	93
86	82	FRIENDS_WITH	3
86	71	FRIENDS_WITH	80
86	18	FRIENDS_WITH	70
86	67	FRIENDS_WITH	70
87	61	FRIENDS_WITH	75
87	56	FRIENDS_WITH	53
87	90	FRIENDS_WITH	24
87	4	FRIENDS_WITH	52
88	84	FRIENDS_WITH	4
88	53	FRIENDS_WITH	0
88	2	FRIENDS_WITH	47
88	84	FRIENDS_WITH	84
88	25	FRIENDS_WITH	5
88	69	FRIENDS_WITH	98
88	11	FRIENDS_WITH	62
88	29	FRIENDS_WITH	4
88	94	FRIENDS_WITH	39
88	53	FRIENDS_WITH	66
88	28	FRIENDS_WITH	84
88	95	FRIENDS_WITH	79
88	38	FRIENDS_WITH	77
88	28	FRIENDS_WITH	58
88	5	FRIENDS_WITH	25
88	92	FRIENDS_WITH	18
88	90	FRIENDS_WITH	86
88	90	FRIENDS_WITH	98
89	57	FRIENDS_WITH	96
89	24	FRIENDS_WITH	30
89	28	FRIENDS_WITH	57
89	65	FRIENDS_WITH	10
89	91	FRIENDS_WITH	30
89	68	FRIENDS_WITH	39
89	67	FRIENDS_WITH	52
89	47	FRIENDS_WITH	44
89	41	FRIENDS_WITH	59
89	82	FRIENDS_WITH	97
89	83	FRIENDS_WITH	73
89	59	FRIENDS_WITH	15
89	53	FRIENDS_WITH	31
89	32	FRIENDS_WITH	24
89	34	FRIENDS_WITH	45
89	20	FRIENDS_WITH	21
89	95	FRIENDS_WITH	32
89	48	FRIENDS_WITH	85
89	35	FRIENDS_WITH	31
89	53	FRIENDS_WITH	13
89	18	FRIENDS_WITH	24
89	58	FRIENDS_WITH	65
89	10	FRIENDS_WITH	65
89	15	FRIENDS_WITH	30
89	29	FRIENDS_WITH	61
89	75	FRIENDS_WITH	13
89	81	FRIENDS_WITH	72
89	58	FRIENDS_WITH	38
89	75	FRIENDS_WITH	54
89	77	FRIENDS_WITH	31
89	45	FRIENDS_WITH	32
89	24	FRIENDS_WITH	2
89	84	FRIENDS_WITH	74
89	38	FRIENDS_WITH	2
89	29	FRIENDS_WITH	27
89	28	FRIENDS_WITH	24
89	20	FRIENDS_WITH	7
89	18	FRIENDS_WITH	8
89	63	FRIENDS_WITH	75
89	43	FRIENDS_WITH	67
89	93	FRIENDS_WITH	48
89	50	FRIENDS_WITH	26
90	54	FRIENDS_WITH	35
90	37	FRIENDS_WITH	89
90	95	FRIENDS_WITH	44
90	93	FRIENDS_WITH	8
90	41	FRIENDS_WITH	66
90	19	FRIENDS_WITH	32
90	42	FRIENDS_WITH	93
90	34	FRIENDS_WITH	95
90	73	FRIENDS_WITH	43
91	13	FRIENDS_WITH	24
91	64	FRIENDS_WITH	15
91	4	FRIENDS_WITH	33
91	21	FRIENDS_WITH	53
91	36	FRIENDS_WITH	38
91	45	FRIENDS_WITH	77
91	41	FRIENDS_WITH	16
91	98	FRIENDS_WITH	69
91	9	FRIENDS_WITH	4
91	42	FRIENDS_WITH	51
91	4	FRIENDS_WITH	19
91	22	FRIENDS_WITH	6
91	7	FRIENDS_WITH	88
91	22	FRIENDS_WITH	71
91	60	FRIENDS_WITH	80
91	7	FRIENDS_WITH	32
91	32	FRIENDS_WITH	94
91	22	FRIENDS_WITH	24
91	77	FRIENDS_WITH	55
91	58	FRIENDS_WITH	67
91	17	FRIENDS_WITH	51
91	49	FRIENDS_WITH	83
91	97	FRIENDS_WITH	12
91	30	FRIENDS_WITH	18
91	66	FRIENDS_WITH	76
91	8	FRIENDS_WITH	77
91	11	FRIENDS_WITH	60
91	14	FRIENDS_WITH	15
91	72	FRIENDS_WITH	21
91	60	FRIENDS_WITH	66
91	16	FRIENDS_WITH	94
91	32	FRIENDS_WITH	27
91	48	FRIENDS_WITH	31
91	40	FRIENDS_WITH	4
91	73	FRIENDS_WITH	17
91	3	FRIENDS_WITH	56
91	42	FRIENDS_WITH	56
91	28	FRIENDS_WITH	79
91	95	FRIENDS_WITH	23
91	58	FRIENDS_WITH	68
91	83	FRIENDS_WITH	88
91	57	FRIENDS_WITH	42
91	76	FRIENDS_WITH	93
92	44	FRIENDS_WITH	45
92	60	FRIENDS_WITH	37
92	91	FRIENDS_WITH	7
92	31	FRIENDS_WITH	43
92	3	FRIENDS_WITH	96
92	30	FRIENDS_WITH	36
92	71	FRIENDS_WITH	78
92	63	FRIENDS_WITH	64
93	39	FRIENDS_WITH	5
93	83	FRIENDS_WITH	17
93	87	FRIENDS_WITH	4
93	63	FRIENDS_WITH	86
93	83	FRIENDS_WITH	68
93	63	FRIENDS_WITH	66
93	18	FRIENDS_WITH	32
93	13	FRIENDS_WITH	59
93	81	FRIENDS_WITH	44
93	38	FRIENDS_WITH	51
93	43	FRIENDS_WITH	89
93	15	FRIENDS_WITH	21
93	57	FRIENDS_WITH	36
93	11	FRIENDS_WITH	97
93	7	FRIENDS_WITH	66
93	9	FRIENDS_WITH	32
93	43	FRIENDS_WITH	47
93	51	FRIENDS_WITH	3
93	45	FRIENDS_WITH	60
93	45	FRIENDS_WITH	95
93	19	FRIENDS_WITH	39
93	1	FRIENDS_WITH	51
93	55	FRIENDS_WITH	13
93	71	FRIENDS_WITH	68
93	90	FRIENDS_WITH	96
93	87	FRIENDS_WITH	79
93	52	FRIENDS_WITH	30
93	5	FRIENDS_WITH	61
93	46	FRIENDS_WITH	33
93	85	FRIENDS_WITH	53
93	78	FRIENDS_WITH	50
93	24	FRIENDS_WITH	92
93	76	FRIENDS_WITH	63
93	39	FRIENDS_WITH	82
93	56	FRIENDS_WITH	84
93	45	FRIENDS_WITH	77
93	88	FRIENDS_WITH	72
94	46	FRIENDS_WITH	71
94	92	FRIENDS_WITH	44
94	31	FRIENDS_WITH	52
94	99	FRIENDS_WITH	72
94	41	FRIENDS_WITH	99
94	34	FRIENDS_WITH	40
94	16	FRIENDS_WITH	59
94	96	FRIENDS_WITH	89
94	51	FRIENDS_WITH	86
94	68	FRIENDS_WITH	76
94	54	FRIENDS_WITH	39
94	69	FRIENDS_WITH	63
94	3	FRIENDS_WITH	38
94	72	FRIENDS_WITH	9
94	81	FRIENDS_WITH	55
94	68	FRIENDS_WITH	97
94	30	FRIENDS_WITH	6
94	38	FRIENDS_WITH	84
94	80	FRIENDS_WITH	69
94	37	FRIENDS_WITH	89
94	1	FRIENDS_WITH	64
94	35	FRIENDS_WITH	38
94	41	FRIENDS_WITH	21
94	16	FRIENDS_WITH	41
94	15	FRIENDS_WITH	65
94	32	FRIENDS_WITH	34
94	28	FRIENDS_WITH	3
94	5	FRIENDS_WITH	71
94	55	FRIENDS_WITH	49
94	67	FRIENDS_WITH	63
94	94	FRIENDS_WITH	84
94	14	FRIENDS_WITH	57
94	90	FRIENDS_WITH	56
94	61	FRIENDS_WITH	45
94	95	FRIENDS_WITH	76
94	18	FRIENDS_WITH	81
94	97	FRIENDS_WITH	95
94	99	FRIENDS_WITH	25
95	83	FRIENDS_WITH	45
95	17	FRIENDS_WITH	80
95	25	FRIENDS_WITH	48
95	92	FRIENDS_WITH	95
95	69	FRIENDS_WITH	82
95	54	FRIENDS_WITH	84
95	79	FRIENDS_WITH	17
95	83	FRIENDS_WITH	3
95	88	FRIENDS_WITH	79
95	9	FRIENDS_WITH	34
95	53	FRIENDS_WITH	22
95	64	FRIENDS_WITH	26
95	40	FRIENDS_WITH	62
95	27	FRIENDS_WITH	81
95	2	FRIENDS_WITH	81
95	74	FRIENDS_WITH	53
95	59	FRIENDS_WITH	47
95	59	FRIENDS_WITH	44
95	81	FRIENDS_WITH	79
95	6	FRIENDS_WITH	79
95	44	FRIENDS_WITH	7
95	70	FRIENDS_WITH	84
95	52	FRIENDS_WITH	84
95	18	FRIENDS_WITH	26
95	22	FRIENDS_WITH	8
95	18	FRIENDS_WITH	22
95	73	FRIENDS_WITH	38
96	76	FRIENDS_WITH	71
97	86	FRIENDS_WITH	90
97	93	FRIENDS_WITH	30
97	29	FRIENDS_WITH	8
97	63	FRIENDS_WITH	98
97	68	FRIENDS_WITH	44
97	98	FRIENDS_WITH	74
97	29	FRIENDS_WITH	24
97	72	FRIENDS_WITH	99
97	41	FRIENDS_WITH	62
97	5	FRIENDS_WITH	10
97	62	FRIENDS_WITH	7
97	37	FRIENDS_WITH	62
97	5	FRIENDS_WITH	46
97	50	FRIENDS_WITH	11
97	10	FRIENDS_WITH	69
98	16	FRIENDS_WITH	43
98	52	FRIENDS_WITH	28
98	57	FRIENDS_WITH	87
98	97	FRIENDS_WITH	35
98	77	FRIENDS_WITH	13
98	82	FRIENDS_WITH	2
98	61	FRIENDS_WITH	58
98	18	FRIENDS_WITH	39
98	53	FRIENDS_WITH	3
99	44	FRIENDS_WITH	78
99	5	FRIENDS_WITH	52
99	63	FRIENDS_WITH	11
99	20	FRIENDS_WITH	18
99	57	FRIENDS_WITH	83
99	91	FRIENDS_WITH	98
99	72	FRIENDS_WITH	75
99	62	FRIENDS_WITH	52
99	31	FRIENDS_WITH	2
99	90	FRIENDS_WITH	97
99	79	FRIENDS_WITH	32
99	14	FRIENDS_WITH	60
99	67	FRIENDS_WITH	61
99	86	FRIENDS_WITH	47
99	53	FRIENDS_WITH	15
99	59	FRIENDS_WITH	83
99	49	FRIENDS_WITH	49
99	24	FRIENDS_WITH	1
99	92	FRIENDS_WITH	40
99	69	FRIENDS_WITH	21
99	18	FRIENDS_WITH	68
99	84	FRIENDS_WITH	51
99	26	FRIENDS_WITH	29
99	42	FRIENDS_WITH	47
99	53	FRIENDS_WITH	94
99	74	FRIENDS_WITH	93
99	36	FRIENDS_WITH	47
99	99	FRIENDS_WITH	22
99	8	FRIENDS_WITH	12
99	72	FRIENDS_WITH	7
99	77	FRIENDS_WITH	25
99	3	FRIENDS_WITH	81
99	6	FRIENDS_WITH	40
99	63	FRIENDS_WITH	6
99	63	FRIENDS_WITH	80
99	15	FRIENDS_WITH	79
99	13	FRIENDS_WITH	30
99	74	FRIENDS_WITH	95
99	89	FRIENDS_WITH	72
99	50	FRIENDS_WITH	75
99	33	FRIENDS_WITH	39
100	36	FRIENDS_WITH	49
100	37	FRIENDS_WITH	15
100	28	FRIENDS_WITH	6
100	27	FRIENDS_WITH	80
100	76	FRIENDS_WITH	34
100	77	FRIENDS_WITH	64
